Partlist exported from M�rklin-WeichenDecoder-mit-2-N-Mosfets.sch on 07.04.2021

"Qty.";"Components";"Value";"Description";"Package"
"1";"C4";"100uF/35V";"Polarized Capacitor, SMD";"PANASONIC_D"
"2";"D1, D2";"1N4148";"Generic Diode, SMD";"SOD123"
"2";"D3, D4";"MM3Z12V";"Z-Diode, SMD";"SOD80C"
"2";"Q1, Q2";"IRLR2905";"DPAK-Mosfet, 55V-11A-175mR, SMD";"TO252AA"
"1";"Q3";"BC847";"NPN Transistor, SMD";"SOT23-BEC"
"2";"R1, R2";"1k";"Resistor, SMD";"R0805"
"2";"R3, R4";"10k";"Resistor, SMD";"R0805"
"2";"R5, R6";"0R5";"Resistor, THD";"0207V"
"3";"X1, X2, X3";"";"2 Pin WAGO Screw Terminal";"W237-102"
